model,question_id,domain,level,run_count,mean_score,sd,variance,cv,scores
qwen3.6-35b-a3b-q8_0,734,D7,L3,3,0.39999999999999997,0.6928203230275509,0.48,1.7320508075688774,"[1.2, 0.0, 0.0]"
qwen3.6-35b-a3b-q8_0,736,D7,L3,3,0.5166666666666667,0.89489291724392,0.8008333333333334,1.7320508075688772,"[1.55, 0.0, 0.0]"
qwen3.5-122b-a10b,734,D7,L3,3,0.9916666666666666,0.9056535393478752,0.8202083333333333,0.913264073291975,"[0.0, 1.2, 1.775]"
qwen3.6-27b-fp8,628,D4,L3,3,1.7166666666666666,1.4969413259487938,2.240833333333333,0.8720046558925013,"[2.75, 0.0, 2.4]"
command-a-03-2025,601,D3,L2,3,1.5,1.307669683062202,1.7100000000000002,0.8717797887081348,"[2.1, 0.0, 2.4]"
gemma-4-12b-it-q8_0-llamacpp-a6000,560,D2,L3,3,1.1749999999999998,1.0213349107907748,1.0431249999999999,0.8692212006729999,"[0.0, 1.8499999999999999, 1.6749999999999998]"
qwen3.5-9b,552,D1,L3,3,1.5166666666666668,1.3156113914577259,1.7308333333333337,0.8674360822798192,"[0.0, 2.35, 2.2]"
command-a-03-2025,606,D3,L1,3,1.3583333333333334,1.178010328194678,1.3877083333333333,0.867246867382585,"[2.1, 1.975, 0.0]"
qwen3.6-35b-a3b-q8_0,730,D7,L3,3,0.825,0.7154544010627092,0.511875,0.8672174558335869,"[1.275, 1.2, 0.0]"
qwen3.6-27b-fp8,734,D7,L3,3,0.7916666666666666,0.6857173859056902,0.4702083333333333,0.8661693295650824,"[1.2, 1.175, 0.0]"
llama-3.3-70b-instruct,602,D3,L1,3,2.3,1.5588457268119895,2.4299999999999997,0.6777590116573868,"[1.4, 4.1, 1.4]"
llama4-maverick-17b-128e-moe,609,D3,L2,3,2.7333333333333334,1.6623276853055577,2.7633333333333336,0.6081686653556918,"[2.5, 1.2, 4.5]"
hermes-3-llama-3.1-405b,645,D4,L3,3,2.325,1.34233937586588,1.8018750000000001,0.5773502691896257,"[1.55, 3.875, 1.55]"
command-a-03-2025,703,D7,L3,3,2.4916666666666667,1.3091823147802346,1.7139583333333333,0.5254243403800273,"[1.825, 4.0, 1.65]"
command-a-03-2025,602,D3,L1,3,1.7,0.8660254037844388,0.7500000000000003,0.5094267081084934,"[1.2, 1.2, 2.7]"
llama-3.3-70b-instruct,645,D4,L3,3,2.4833333333333334,1.2473304828045104,1.555833333333333,0.5022807313306753,"[3.9, 2.0, 1.55]"
glm-5.1,660,D5,L3,3,2.4583333333333335,1.2268693220279547,1.5052083333333333,0.4990654869266256,"[1.75, 3.875, 1.75]"
mistral-medium-3.5,727,D7,L3,3,2.725,1.3536986370680886,1.8325000000000007,0.49677014204333525,"[4.275, 2.125, 1.775]"
command-a-03-2025,600,D3,L2,3,2.7416666666666667,1.3560819788395293,1.8389583333333337,0.4946195667499803,"[1.2, 3.75, 3.275]"
glm-5.1,726,D7,L3,3,3.1166666666666667,1.514581900503678,2.2939583333333333,0.4859621071134796,"[3.025, 4.675, 1.65]"
deepseek-v4-flash,602,D3,L1,3,1.6666666666666667,0.8082903768654761,0.6533333333333334,0.48497422611928565,"[1.2, 2.6, 1.2]"
qwen3.6-27b-fp8,600,D3,L2,3,1.6666666666666667,0.8082903768654761,0.6533333333333334,0.48497422611928565,"[1.2, 1.2, 2.6]"
qwen3.5-9b,629,D4,L3,3,2.5083333333333333,1.2150960181538466,1.4764583333333332,0.48442366172246376,"[2.1, 1.55, 3.875]"
gemma-4-31b-it,643,D4,L3,3,2.4333333333333336,1.1622535581074094,1.3508333333333333,0.4776384485372915,"[3.75, 2.0, 1.55]"
hermes-3-llama-3.1-405b,679,D6,L3,3,2.7583333333333333,1.3134718624063988,1.725208333333334,0.47618315253404186,"[2.0, 4.275, 2.0]"
command-a-03-2025,624,D4,L2,3,2.591666666666667,1.1990447586864026,1.4377083333333334,0.46265392618124856,"[3.975, 1.85, 1.95]"
qwen3.5-397b-a17b-moe,609,D3,L2,3,1.6333333333333333,0.7505553499465135,0.5633333333333334,0.45952368364072255,"[1.2, 2.5, 1.2]"
hermes-3-llama-3.1-405b,735,D7,L3,3,2.6999999999999997,1.212435565298214,1.4699999999999995,0.4490502093697089,"[2.0, 4.1, 2.0]"
gemma-4-31b-it,745,D7,L3,3,2.216666666666667,0.9814954576223639,0.9633333333333335,0.4427799056942995,"[3.35, 1.65, 1.65]"
gemma-4-31b-it,720,D7,L3,3,3.025,1.3390761740842079,1.7931249999999999,0.44266980961461416,"[4.1, 1.525, 3.45]"
qwen3.5-9b,501,D1,L3,3,2.25,0.9820259670701179,0.9643750000000003,0.43645598536449687,"[2.025, 1.4, 3.325]"
llama4-maverick-17b-128e-moe,711,D7,L3,3,2.8916666666666666,1.2535782118931924,1.5714583333333336,0.43351407904087347,"[2.35, 4.325, 2.0]"
llama-3.3-70b-instruct,680,D6,L3,3,2.6666666666666665,1.1547005383792515,1.3333333333333333,0.4330127018922193,"[2.0, 2.0, 4.0]"
mistral-medium-3.5,726,D7,L3,3,3.283333333333333,1.414508159514583,2.000833333333333,0.4308146678724618,"[2.0, 3.05, 4.8]"
command-a-03-2025,738,D7,L3,3,2.7916666666666665,1.197479992873924,1.433958333333333,0.4289480571488683,"[4.1, 2.5250000000000004, 1.75]"
hermes-3-llama-3.1-405b,720,D7,L3,3,2.7583333333333333,1.1652074207338936,1.3577083333333329,0.4224316933174237,"[2.175, 2.0, 4.1]"
qwen3.5-122b-a10b,726,D7,L3,3,3.8583333333333334,1.613291149586253,2.6027083333333336,0.4181316154435213,"[2.0, 4.9, 4.675]"
hermes-3-llama-3.1-405b,611,D3,L3,3,2.7,1.1269427669584644,1.2699999999999998,0.4173862099846164,"[2.1, 2.0, 4.0]"
llama-3.3-70b-instruct,647,D4,L3,3,2.6333333333333333,1.096965511460289,1.2033333333333334,0.41656918156719835,"[2.0, 2.0, 3.9]"
gemma-4-31b-it,721,D7,L3,3,3.1333333333333333,1.305118130030126,1.703333333333333,0.4165270627755721,"[4.6, 2.1, 2.7]"
qwen3.5-397b-a17b-moe,629,D4,L3,3,2.6333333333333333,1.088959748261309,1.1858333333333333,0.41352901832707933,"[1.75, 3.85, 2.3]"
deepseek-v4-flash,660,D5,L3,3,3.2333333333333334,1.334478674739066,1.780833333333334,0.4127253633213606,"[4.65, 2.0, 3.05]"
llama4-maverick-17b-128e-moe,737,D7,L3,3,2.625,1.0825317547305484,1.1718750000000002,0.4123930494211613,"[2.0, 2.0, 3.875]"
gemma-4-31b-it,706,D7,L3,3,2.4916666666666667,1.026320287889377,1.0533333333333335,0.4119011188853687,"[2.225, 3.625, 1.625]"
glm-5.1,600,D3,L2,3,1.7,0.7000000000000001,0.4900000000000001,0.411764705882353,"[2.5, 1.2, 1.4]"
hermes-3-llama-3.1-405b,737,D7,L3,3,3.1083333333333334,1.2753267555153593,1.6264583333333331,0.4102927899781317,"[4.475, 2.9, 1.95]"
llama-3.3-70b-instruct,643,D4,L3,3,2.916666666666667,1.1930353445448854,1.4233333333333333,0.40904068955824635,"[3.45, 3.75, 1.55]"
glm-5.1,622,D3,L3,3,1.5666666666666667,0.6350852961085882,0.40333333333333315,0.40537359326080097,"[1.2, 1.2, 2.3]"
llada2.1-flash,612,D3,L2,3,1.5666666666666667,0.6350852961085882,0.40333333333333315,0.40537359326080097,"[2.3, 1.2, 1.2]"
qwen3.5-397b-a17b-moe,615,D3,L3,3,1.5666666666666667,0.6350852961085882,0.40333333333333315,0.40537359326080097,"[1.2, 1.2, 2.3]"
llama4-maverick-17b-128e-moe,726,D7,L3,3,3.7166666666666663,1.4900363530240908,2.220208333333333,0.40090664206926213,"[4.475, 4.675, 2.0]"
hermes-3-llama-3.1-405b,540,D1,L3,3,2.466666666666667,0.9865765724632496,0.9733333333333336,0.399963475322939,"[2.0, 1.7999999999999998, 3.6]"
qwen3.5-122b-a10b,602,D3,L1,3,1.5583333333333333,0.6206515393788476,0.38520833333333326,0.39827906270300384,"[1.2, 2.275, 1.2]"
gemma-4-12b-it-q8_0-llamacpp-a6000,512,D1,L3,3,1.8166666666666667,0.7229857075581324,0.5227083333333333,0.3979737839769536,"[1.0, 2.375, 2.075]"
qwen3.5-122b-a10b,600,D3,L2,3,2.1333333333333333,0.8326663997864531,0.6933333333333332,0.3903123748998999,"[1.2, 2.4, 2.8]"
qwen3.6-27b-fp8,660,D5,L3,3,2.408333333333333,0.9321793461203337,0.8689583333333329,0.3870640883544638,"[2.0, 3.4749999999999996, 1.75]"
gemma-4-12b-it-q8_0-llamacpp-a6000,510,D1,L3,3,1.3333333333333333,0.5137687547266118,0.26395833333333335,0.38532656604495885,"[1.925, 1.0, 1.075]"
hermes-3-llama-3.1-405b,647,D4,L3,3,2.716666666666667,1.032392044396572,1.0658333333333334,0.38002161143432095,"[3.9, 2.0, 2.25]"
hermes-3-llama-3.1-405b,700,D7,L3,3,3.525,1.3339321571954097,1.7793749999999993,0.3784204701263574,"[2.0, 4.475, 4.1]"
glm-5.1,620,D3,L2,3,1.5333333333333334,0.5773502691896258,0.3333333333333334,0.3765327842541038,"[2.2, 1.2, 1.2]"
qwen3.6-35b-a3b-q8_0,609,D3,L2,3,1.5333333333333334,0.5773502691896258,0.3333333333333334,0.3765327842541038,"[1.2, 1.2, 2.2]"
gemma-4-12b-it-q8_0-llamacpp-a6000,540,D1,L3,3,2.55,0.9539392014169455,0.9099999999999998,0.37409380447723356,"[3.65, 1.9500000000000002, 2.05]"
deepseek-v4-flash,601,D3,L2,3,2.1,0.7810249675906655,0.6100000000000001,0.37191665123365025,"[2.6, 1.2, 2.5]"
qwen3.5-9b,541,D1,L3,3,2.4166666666666665,0.89489291724392,0.8008333333333334,0.3703005174802428,"[2.2, 1.65, 3.4]"
command-a-03-2025,614,D3,L2,3,2.5416666666666665,0.9395255895042632,0.8827083333333333,0.36964941226397247,"[2.05, 1.95, 3.625]"
qwen3.5-397b-a17b-moe,610,D3,L3,3,1.525,0.562916512459885,0.3168749999999999,0.3691255819409083,"[1.2, 1.2, 2.175]"
hermes-3-llama-3.1-405b,673,D6,L3,3,2.933333333333333,1.0692676621563624,1.1433333333333326,0.36452306664421447,"[2.7, 4.1, 2.0]"
glm-5.1,609,D3,L2,3,2.033333333333333,0.7371114795831993,0.5433333333333333,0.3625138424179669,"[2.6, 1.2, 2.3]"
llama4-maverick-17b-128e-moe,608,D3,L2,3,1.5166666666666666,0.5484827557301445,0.30083333333333334,0.3616369818000953,"[2.15, 1.2, 1.2]"
qwen3.5-122b-a10b,619,D3,L2,3,1.5166666666666666,0.5484827557301445,0.30083333333333334,0.3616369818000953,"[1.2, 2.15, 1.2]"
gemma-4-31b-it,710,D7,L3,3,1.6583333333333334,0.5907269532815762,0.34895833333333354,0.3562172582602469,"[2.325, 1.45, 1.2]"
hermes-3-llama-3.1-405b,630,D4,L2,3,3.1166666666666667,1.1094292827095078,1.230833333333333,0.3559666147731041,"[4.35, 2.2, 2.8]"
gemma-4-31b-it,615,D3,L3,3,2.033333333333333,0.7234178138070235,0.5233333333333333,0.3557792526919788,"[2.4, 2.5, 1.2]"
qwen3.5-397b-a17b-moe,600,D3,L2,3,2.033333333333333,0.7234178138070235,0.5233333333333333,0.3557792526919788,"[2.4, 2.5, 1.2]"
qwen3.6-27b-fp8,602,D3,L1,3,2.033333333333333,0.7234178138070235,0.5233333333333333,0.3557792526919788,"[2.4, 2.5, 1.2]"
mistral-medium-3.5,725,D7,L3,3,2.5166666666666666,0.8948929172439198,0.8008333333333332,0.35558658963334566,"[2.0, 3.55, 2.0]"
gemma-4-31b-it,727,D7,L3,3,2.7416666666666667,0.9747863013672963,0.9502083333333333,0.3555451555139075,"[1.65, 3.525, 3.05]"
gemma-4-12b-it-q8_0-llamacpp-a6000,639,D4,L2,3,2.2,0.7794228634059949,0.6075000000000002,0.35428311972999765,"[3.1, 1.75, 1.75]"
llama4-maverick-17b-128e-moe,700,D7,L3,3,3.075,1.0888640870191284,1.185625,0.35410214212004176,"[1.875, 3.35, 4.0]"
llama4-maverick-17b-128e-moe,745,D7,L3,3,2.8916666666666666,1.0174518825641503,1.0352083333333335,0.35185655881180994,"[4.0, 2.0, 2.675]"
hermes-3-llama-3.1-405b,719,D7,L3,3,2.716666666666667,0.9543758868146938,0.9108333333333332,0.3513040074164517,"[2.35, 3.8, 2.0]"
qwen3.5-397b-a17b-moe,727,D7,L3,3,2.5083333333333333,0.8804591605141793,0.7752083333333333,0.3510136188096396,"[2.0, 2.0, 3.525]"
command-a-03-2025,609,D3,L2,3,2.0,0.7,0.48999999999999994,0.35,"[1.2, 2.5, 2.3]"
gemma-4-31b-it,629,D4,L3,3,2.9333333333333336,1.0254064234894051,1.0514583333333334,0.34957037164411536,"[1.925, 2.9, 3.975]"
command-a-03-2025,727,D7,L3,3,3.5166666666666666,1.2278877527418104,1.5077083333333332,0.34916239414459066,"[2.1, 4.175, 4.275]"
qwen3.5-9b,496,D1,L3,3,3.4916666666666667,1.2104579023383393,1.4652083333333326,0.34667052095608764,"[4.6, 3.675, 2.2]"
llada2.1-flash,621,D3,L2,3,1.5,0.5196152422706632,0.2700000000000001,0.3464101615137755,"[1.2, 1.2, 2.1]"
llama-3.3-70b-instruct,606,D3,L1,3,2.0,0.6928203230275509,0.48,0.34641016151377546,"[1.2, 2.4, 2.4]"
llama4-maverick-17b-128e-moe,708,D7,L3,3,3.3333333333333335,1.1547005383792515,1.3333333333333333,0.3464101615137754,"[4.0, 2.0, 4.0]"
command-a-03-2025,645,D4,L3,3,1.9333333333333333,0.6639528095680697,0.4408333333333334,0.34342386701796707,"[1.55, 1.55, 2.7]"
gemma-4-12b-it-q8_0-llamacpp-a6000,645,D4,L3,3,1.9333333333333333,0.6639528095680697,0.4408333333333334,0.34342386701796707,"[2.7, 1.55, 1.55]"
llama4-maverick-17b-128e-moe,717,D7,L3,3,3.3,1.1269427669584644,1.2699999999999998,0.34149780816923164,"[2.0, 4.0, 3.9]"
mistral-medium-3.5,705,D7,L3,3,3.425,1.1691342951089918,1.3668749999999992,0.34135307886393923,"[4.1, 2.075, 4.1]"
hermes-3-llama-3.1-405b,733,D7,L3,3,2.9166666666666665,0.9950921230385322,0.9902083333333334,0.34117444218463966,"[2.775, 2.0, 3.975]"
gemma-4-31b-it,660,D5,L3,3,3.283333333333333,1.1125234079934379,1.2377083333333334,0.3388396166477476,"[3.875, 3.975, 2.0]"
llama-3.3-70b-instruct,610,D3,L3,3,1.4916666666666667,0.5051814855409227,0.2552083333333335,0.338669152317937,"[1.2, 2.075, 1.2]"
qwen3.6-27b-fp8,621,D3,L2,3,1.4916666666666667,0.5051814855409227,0.2552083333333335,0.338669152317937,"[2.075, 1.2, 1.2]"
hermes-3-llama-3.1-405b,608,D3,L2,3,1.9666666666666668,0.6658328118479394,0.44333333333333347,0.3385590568718336,"[2.3, 2.4000000000000004, 1.2]"
llama-3.3-70b-instruct,608,D3,L2,3,1.9666666666666666,0.6658328118479393,0.44333333333333336,0.3385590568718336,"[1.2, 2.3, 2.4]"
llama4-maverick-17b-128e-moe,731,D7,L3,3,2.8916666666666666,0.9664151971763136,0.9339583333333331,0.33420698461428716,"[4.0, 2.45, 2.225]"
